Workbook

Sheet README
B2: Data Catalogs
B5: # | C5: Name | D5: Table | E5: Total
B6: 1 | C6: Language Families | D6: lang_families | E6: =COUNT(lang_families[id]) -> 118
B7: 2 | C7: Language Scopes | D7: lang_scopes | E7: =COUNT(lang_scopes[id]) -> 3
B8: 3 | C8: Language Scripts | D8: lang_scripts | E8: =COUNT(lang_scripts[id]) -> 29
B9: 4 | C9: Language Types | D9: lang_types | E9: =COUNT(lang_types[id]) -> 6
B10: 5 | C10: Languages | D10: languages | E10: =COUNT(languages[id]) -> 183
B11: 6 | C11: Locales | D11: locales | E11: =COUNT(locales[id]) -> 413
B14: =IF(C14="Facebook",HYPERLINK("https://facebook.com/dyntarafamily","ⓕ"),IF(C14="Twitter/X",HYPERLINK("https://x.com/dyntarafamily","𝕏"),IF(C14="Instagram",HYPERLINK("https://instagram.com/dyntarafamily","🧿"),IF(C14="LinkedIn",HYPERLINK("https://linkedin.com/in/dyo-wiranata-mulya","[in]"),IF(C14="YouTube",HYPERLINK("https://www.youtube.com/@DyoWiranataMulya","▶️"),IF(C14="GitHub",HYPERLINK("https://github.com/dyonmulya","🐱"),"")))))) -> ⓕ | C14: Facebook | D14: =HYPERLINK("","📜 MIT License") -> 📜 MIT License
B16: ="Copyright © "&IF(YEAR(NOW())=2025,"2025","2025-"&YEAR(NOW()))&" "&HYPERLINK("https://github.com/dyonmulya","Dyo Wiranata Mulya") -> Copyright © 2025 Dyo Wiranata Mulya

Sheet lang_families
A1: id | B1: parent_id | C1: iso_639_5 | D1: name
A2: 1 | C2: aav | D2: Austro-Asiatic languages
A3: 2 | C3: afa | D3: Afro-Asiatic languages
A4: 3 | C4: art | D4: Artificial languages
A5: 4 | C5: aus | D5: Australian languages
A6: 5 | C6: cai | D6: Central American Indian languages
A7: 6 | C7: cau | D7: Caucasian languages
A8: 7 | C8: crp | D8: creoles and pidgins
A9: 8 | C9: day | D9: Land Dayak languages
A10: 9 | C10: dra | D10: Dravidian languages
A11: 10 | C11: esx | D11: Eskimo-Aleut languages
A12: 11 | C12: euq | D12: Basque (family)
A13: 12 | C13: hmx | D13: Hmong-Mien languages
... A30: 29 | C30: kor | D30: Koreanic
A31: 30 | B31: =A19 -> 18 | C31: alv | D31: Atlantic-Congo languages
A32: 31 | B32: =A21 -> 20 | C32: aqa | D32: Alacalufan languages
A33: 32 | B33: =A18 -> 17 | C33: aql | D33: Algic languages
A34: 33 | B34: =A21 -> 20 | C34: awd | D34: Arawakan languages
A35: 34 | B35: =A18 -> 17 | C35: azc | D35: Uto-Aztecan languages
A36: 35 | B36: =A14 -> 13 | C36: bat | D36: Baltic languages
A37: 36 | B37: =A3 -> 2 | C37: ber | D37: Berber languages
A38: 37 | B38: =A21 -> 20 | C38: cba | D38: Chibchan languages
A39: 38 | B39: =A7 -> 6 | C39: ccn | D39: North Caucasian languages
A40: 39 | B40: =A7 -> 6 | C40: ccs | D40: South Caucasian languages
A41: 40 | B41: =A3 -> 2 | C41: cdc | D41: Chadic languages
A42: 41 | B42: =A18 -> 17 | C42: cdd | D42: Caddoan languages
A43: 42 | B43: =A14 -> 13 | C43: cel | D43: Celtic languages
A44: 43 | B44: =A8 -> 7 | C44: cpe | D44: creoles and pidgins, English-based
A45: 44 | B45: =A8 -> 7 | C45: cpf | D45: creoles and pidgins, French-based
A46: 45 | B46: =A8 -> 7 | C46: cpp | D46: creoles and pidgins, Portuguese-based
A47: 46 | B47: =A24 -> 23 | C47: csu | D47: Central Sudanic languages
A48: 47 | B48: =A3 -> 2 | C48: cus | D48: Cushitic languages
A49: 48 | B49: =A19 -> 18 | C49: dmn | D49: Mande languages
A50: 49 | B50: =A3 -> 2 | C50: egx | D50: Egyptian languages
A51: 50 | B51: =A27 -> 26 | C51: fiu | D51: Finno-Ugrian languages
A52: 51 | B52: =A17 -> 16 | C52: fox | D52: Formosan languages
A53: 52 | B53: =A14 -> 13 | C53: gem | D53: Germanic languages
A54: 53 | B54: =A14 -> 13 | C54: grk | D54: Greek languages
A55: 54 | B55: =A18 -> 17 | C55: hok | D55: Hokan languages
A56: 55 | B56: =A14 -> 13 | C56: hyx | D56: Armenian (family)
A57: 56 | B57: =A14 -> 13 | C57: iir | D57: Indo-Iranian languages
A58: 57 | B58: =A18 -> 17 | C58: iro | D58: Iroquoian languages
A59: 58 | B59: =A14 -> 13 | C59: itc | D59: Italic languages
A60: 59 | B60: =A19 -> 18 | C60: kdo | D60: Kordofanian languages
A61: 60 | B61: =A2 -> 1 | C61: mkh | D61: Mon-Khmer languages
A62: 61 | B62: =A2 -> 1 | C62: mun | D62: Munda languages
A63: 62 | B63: =A6 -> 5 | C63: myn | D63: Mayan languages
A64: 63 | B64: =A20 -> 19 | C64: ngf | D64: Trans-New Guinea languages
A65: 64 | B65: =A6 -> 5 | C65: omq | D65: Oto-Manguean languages
A66: 65 | B66: =A3 -> 2 | C66: omv | D66: Omotic languages
A67: 66 | B67: =A17 -> 16 | C67: poz | D67: Malayo-Polynesian languages
A68: 67 | B68: =A21 -> 20 | C68: qwe | D68: Quechuan (family)
A69: 68 | B69: =A18 -> 17 | C69: sal | D69: Salishan languages
A70: 69 | B70: =A24 -> 23 | C70: sdv | D70: Eastern Sudanic languages
A71: 70 | B71: =A3 -> 2 | C71: sem | D71: Semitic languages
A72: 71 | B72: =A18 -> 17 | C72: sio | D72: Siouan languages
A73: 72 | B73: =A14 -> 13 | C73: sla | D73: Slavic languages
A74: 73 | B74: =A24 -> 23 | C74: son | D74: Songhai languages
A75: 74 | B75: =A14 -> 13 | C75: sqj | D75: Albanian languages
A76: 75 | B76: =A27 -> 26 | C76: syd | D76: Samoyedic languages
A77: 76 | B77: =A23 -> 22 | C77: tbq | D77: Tibeto-Burman languages
A78: 77 | B78: =A26 -> 25 | C78: trk | D78: Turkic languages
A79: 78 | B79: =A21 -> 20 | C79: tup | D79: Tupi languages
A80: 79 | B80: =A26 -> 25 | C80: tuw | D80: Tungus languages
A81: 80 | B81: =A18 -> 17 | C81: wak | D81: Wakashan languages
A82: 81 | B82: =A26 -> 25 | C82: xgn | D82: Mongolian languages
A83: 82 | B83: =A18 -> 17 | C83: xnd | D83: Na-Dene languages
A84: 83 | B84: =A11 -> 10 | C84: ypk | D84: Yupik languages
A85: 84 | B85: =A23 -> 22 | C85: zhx | D85: Chinese (family)
A86: 85 | B86: =A33 -> 32 | C86: alg | D86: Algonquian languages
A87: 86 | B87: =A83 -> 82 | C87: ath | D87: Athapascan languages
A88: 87 | B88: =A34 -> 33 | C88: auf | D88: Arauan languages
A89: 88 | B89: =A31 -> 30 | C89: bad | D89: Banda languages
A90: 89 | B90: =A31 -> 30 | C90: bai | D90: Bamileke languages
A91: 90 | B91: =A57 -> 56 | C91: bih | D91: Bihari languages
A92: 91 | B92: =A31 -> 30 | C92: bnt | D92: Bantu languages
A93: 92 | B93: =A53 -> 52 | C93: gme | D93: East Germanic languages
A94: 93 | B94: =A53 -> 52 | C94: gmq | D94: North Germanic languages
A95: 94 | B95: =A53 -> 52 | C95: gmw | D95: West Germanic languages
A96: 95 | B96: =A31 -> 30 | C96: ijo | D96: Ijo languages
A97: 96 | B97: =A57 -> 56 | C97: inc | D97: Indic languages
A98: 97 | B98: =A57 -> 56 | C98: ira | D98: Iranian languages
A99: 98 | B99: =A77 -> 76 | C99: kar | D99: Karen languages
A100: 99 | B100: =A31 -> 30 | C100: kro | D100: Kru languages
A101: 100 | B101: =A35 -> 34 | C101: nah | D101: Nahuatl languages
A102: 101 | B102: =A70 -> 69 | C102: nub | D102: Nubian languages
A103: 102 | B103: =A65 -> 64 | C103: oto | D103: Otomian languages
A104: 103 | B104: =A67 -> 66 | C104: plf | D104: Central Malayo-Polynesian languages
A105: 104 | B105: =A67 -> 66 | C105: pqe | D105: Eastern Malayo-Polynesian languages
A106: 105 | B106: =A67 -> 66 | C106: pqw | D106: Western Malayo-Polynesian languages
A107: 106 | B107: =A59 -> 58 | C107: roa | D107: Romance languages
A108: 107 | B108: =A51 -> 50 | C108: smi | D108: Sami languages
A109: 108 | B109: =A73 -> 72 | C109: zle | D109: East Slavic languages
A110: 109 | B110: =A73 -> 72 | C110: zls | D110: South Slavic languages
A111: 110 | B111: =A73 -> 72 | C111: zlw | D111: West Slavic languages
A112: 111 | B112: =A31 -> 30 | C112: znd | D112: Zande languages
A113: 112 | B113: =A87 -> 86 | C113: apa | D113: Apache languages
A114: 113 | B114: =A106 -> 105 | C114: btk | D114: Batak languages
A115: 114 | B115: =A106 -> 105 | C115: cmc | D115: Chamic languages
A116: 115 | B116: =A106 -> 105 | C116: phi | D116: Philippine languages
...

Sheet lang_scopes
A1: id | B1: name | C1: description
A2: 1 | B2: individual language | C2: Normal, single language.
A3: 2 | B3: macrolanguage | C3: One-to-many grouping of languages, because older ISO 639s included them.
A4: 3 | B4: special code | C4: Non-language codes.
A5: Total | C5: =SUBTOTAL(103,lang_scopes[id]) -> 3

Sheet lang_scripts
A1: id | B1: iso_15924_code | C1: iso_15924_numeric | D1: name | E1: direction
A2: 1 | B2: Latn | C2: 215 | D2: Latin | E2: ltr
A3: 2 | B3: Cyrl | C3: 220 | D3: Cyrillic | E3: ltr
A4: 3 | B4: Ethi | C4: 430 | D4: Ethiopic (Ge_ez) | E4: ltr
A5: 4 | B5: Arab | C5: 160 | D5: Arabic | E5: rtl
A6: 5 | B6: Beng | C6: 325 | D6: Bengali | E6: ltr
A7: 6 | B7: Tibt | C7: 330 | D7: Tibetan | E7: ltr
A8: 7 | B8: Cans | C8: 440 | D8: Unified Canadian Aboriginal Syllabics | E8: ltr
A9: 8 | B9: Thaa | C9: 170 | D9: Thaana | E9: rtl
A10: 9 | B10: Grek | C10: 200 | D10: Greek | E10: ltr
A11: 10 | B11: Gujr | C11: 320 | D11: Gujarati | E11: ltr
A12: 11 | B12: Hebr | C12: 125 | D12: Hebrew | E12: rtl
A13: 12 | B13: Deva | C13: 315 | D13: Devanagari (Nagari) | E13: ltr
... A30: 29 | B30: Hans | C30: 501 | D30: Han (Simplified variant) | E30: ltr
A31: Total | E31: =SUBTOTAL(103,lang_scripts[id]) -> 29

Sheet lang_types
A1: id | B1: name | C1: description
A2: 1 | B2: living | C2: A language that is still being used and spoken by people.
A3: 2 | B3: ancient | C3: Any language originating in times that may be referred to as ancient.
A4: 3 | B4: constructed | C4: A language whose phonology, grammar, and vocabulary, instead of having developed naturally, are consciously devised for some purpose, which may include being devised for a work of fiction.
A5: 4 | B5: extinct | C5: A language that no longer is the first language or the second language of anyone.
A6: 5 | B6: historical | C6: Languages that were spoken in a historical period, but that are distinct from their modern form
A7: 6 | B7: special code | C7: These language codes should generally be canonical language tags as defined by BCP 47.
A8: Total | C8: =SUBTOTAL(103,lang_types[description]) -> 6

Sheet languages
A1: id | B1: iso_639_1 | C1: iso_639_2 | D1: iso_639_3 | E1: family_id | F1: scope_id | G1: script_id | H1: type_id | I1: aname | J1: uname | K1: flag
A2: 1 | B2: aa | C2: aar | D2: aar | E2: =lang_families!A3 -> 2 | F2: =lang_scopes!A2 -> 1 | G2: =lang_scripts!A2 -> 1 | H2: =lang_types!A2 -> 1 | I2: Afar | J2: Afaraf | K2: https://raw.githubusercontent.com/dyonmulya/resources/refs/heads/main/assets/images/b2d3a12dc55a7ed8714197cb3de15e03.svg
A3: 2 | B3: ab | C3: abk | D3: abk | E3: =lang_families!A39 -> 38 | F3: =lang_scopes!A2 -> 1 | G3: =lang_scripts!A3 -> 2 | H3: =lang_types!A2 -> 1 | I3: Abkhazian | J3: Аԥсуа бызшәа | K3: https://raw.githubusercontent.com/dyonmulya/resources/refs/heads/main/assets/images/1999fcc40084fd7ec220ed474a05f831.svg
A4: 3 | B4: ae | C4: ave | D4: ave | E4: =lang_families!A14 -> 13 | F4: =lang_scopes!A2 -> 1 | G4: =lang_scripts!A2 -> 1 | H4: =lang_types!A3 -> 2 | I4: Avestan | J4: avesta | K4: https://raw.githubusercontent.com/dyonmulya/resources/refs/heads/main/assets/images/1c30626fbed238af50de75095434d7af.svg
A5: 4 | B5: af | C5: afr | D5: afr | E5: =lang_families!A14 -> 13 | F5: =lang_scopes!A2 -> 1 | G5: =lang_scripts!A2 -> 1 | H5: =lang_types!A2 -> 1 | I5: Afrikaans | J5: Afrikaans | K5: https://raw.githubusercontent.com/dyonmulya/resources/refs/heads/main/assets/images/b83474968d560ae0f443105470df5e36.svg
A6: 5 | B6: ak | C6: aka | D6: aka | E6: =lang_families!A19 -> 18 | F6: =lang_scopes!A3 -> 2 | G6: =lang_scripts!A2 -> 1 | H6: =lang_types!A2 -> 1 | I6: Akan | J6: Akan | K6: https://raw.githubusercontent.com/dyonmulya/resources/refs/heads/main/assets/images/01ecc1e8d644e31d9fc33552ee7f449c.svg
A7: 6 | B7: am | C7: amh | D7: amh | E7: =lang_families!A3 -> 2 | F7: =lang_scopes!A2 -> 1 | G7: =lang_scripts!A4 -> 3 | H7: =lang_types!A2 -> 1 | I7: Amharic | J7: አማርኛ | K7: https://raw.githubusercontent.com/dyonmulya/resources/refs/heads/main/assets/images/6f4fda0d1e8f4ba04e6619d26acba6eb.svg
A8: 7 | B8: an | C8: arg | D8: arg | E8: =lang_families!A14 -> 13 | F8: =lang_scopes!A2 -> 1 | G8: =lang_scripts!A2 -> 1 | H8: =lang_types!A2 -> 1 | I8: Aragonese | J8: aragons | K8: https://raw.githubusercontent.com/dyonmulya/resources/refs/heads/main/assets/images/1607580d66a151a4b9edb5301fe778fb.svg
A9: 8 | B9: ar | C9: ara | D9: ara | E9: =lang_families!A3 -> 2 | F9: =lang_scopes!A3 -> 2 | G9: =lang_scripts!A5 -> 4 | H9: =lang_types!A2 -> 1 | I9: Arabic | J9: العربية | K9: https://raw.githubusercontent.com/dyonmulya/resources/refs/heads/main/assets/images/a140c5e5af3e9fc696366588536b424e.svg
A10: 9 | B10: as | C10: asm | D10: asm | E10: =lang_families!A14 -> 13 | F10: =lang_scopes!A2 -> 1 | G10: =lang_scripts!A6 -> 5 | H10: =lang_types!A2 -> 1 | I10: Assamese | J10: অসমীয়া | K10: https://raw.githubusercontent.com/dyonmulya/resources/refs/heads/main/assets/images/4e39a2bfe2c716c9453d5a7aee9b7dac.svg
A11: 10 | B11: av | C11: ava | D11: ava | E11: =lang_families!A39 -> 38 | F11: =lang_scopes!A2 -> 1 | G11: =lang_scripts!A3 -> 2 | H11: =lang_types!A2 -> 1 | I11: Avaric | J11: авар мацӀ | K11: https://raw.githubusercontent.com/dyonmulya/resources/refs/heads/main/assets/images/f47b3c715590ca86667c549087d3658e.svg
A12: 11 | B12: ay | C12: aym | D12: aym | E12: =lang_families!A28 -> 27 | F12: =lang_scopes!A3 -> 2 | G12: =lang_scripts!A2 -> 1 | H12: =lang_types!A2 -> 1 | I12: Aymara | J12: aymar aru | K12: https://raw.githubusercontent.com/dyonmulya/resources/refs/heads/main/assets/images/75da65326764ad91e67c80d4c02fd705.svg
A13: 12 | B13: az | C13: aze | D13: aze | E13: =lang_families!A78 -> 77 | F13: =lang_scopes!A3 -> 2 | G13: =lang_scripts!A2 -> 1 | H13: =lang_types!A2 -> 1 | I13: Azerbaijani | J13: azərbaycanca | K13: https://raw.githubusercontent.com/dyonmulya/resources/refs/heads/main/assets/images/e13cf2c8784638a1ff1b44127a11c88d.svg
A14: 13 | B14: ba | C14: bak | D14: bak | E14: =lang_families!A78 -> 77 | F14: =lang_scopes!A2 -> 1 | G14: =lang_scripts!A3 -> 2 | H14: =lang_types!A2 -> 1 | I14: Bashkir | J14: башҡорт теле | K14: https://raw.githubusercontent.com/dyonmulya/resources/refs/heads/main/assets/images/55c66dfc3ef5e46fbf1020ac75ababf6.svg
A15: 14 | B15: be | C15: bel | D15: bel | E15: =lang_families!A14 -> 13 | F15: =lang_scopes!A2 -> 1 | G15: =lang_scripts!A3 -> 2 | H15: =lang_types!A2 -> 1 | I15: Belarusian | J15: беларуская | K15: https://raw.githubusercontent.com/dyonmulya/resources/refs/heads/main/assets/images/f2acc981a5e03b08a12c395a43a67194.svg
A16: 15 | B16: bg | C16: bul | D16: bul | E16: =lang_families!A14 -> 13 | F16: =lang_scopes!A2 -> 1 | G16: =lang_scripts!A3 -> 2 | H16: =lang_types!A2 -> 1 | I16: Bulgarian | J16: български | K16: https://raw.githubusercontent.com/dyonmulya/resources/refs/heads/main/assets/images/971dc0a0b8d6bbfcd57014d9396dc13d.svg
A17: 16 | B17: bi | C17: bis | D17: bis | E17: =lang_families!A44 -> 43 | F17: =lang_scopes!A2 -> 1 | G17: =lang_scripts!A2 -> 1 | H17: =lang_types!A2 -> 1 | I17: Bislama | J17: Bislama | K17: https://raw.githubusercontent.com/dyonmulya/resources/refs/heads/main/assets/images/2962d376b7631069c57f6adea15f0ca9.svg
A18: 17 | B18: bm | C18: bam | D18: bam | E18: =lang_families!A19 -> 18 | F18: =lang_scopes!A2 -> 1 | G18: =lang_scripts!A2 -> 1 | H18: =lang_types!A2 -> 1 | I18: Bambara | J18: bamanankan | K18: https://raw.githubusercontent.com/dyonmulya/resources/refs/heads/main/assets/images/3a2788de37bf4efb90a4751f01255efb.svg
A19: 18 | B19: bn | C19: ben | D19: ben | E19: =lang_families!A14 -> 13 | F19: =lang_scopes!A2 -> 1 | G19: =lang_scripts!A6 -> 5 | H19: =lang_types!A2 -> 1 | I19: Bangla | J19: বাংলা | K19: https://raw.githubusercontent.com/dyonmulya/resources/refs/heads/main/assets/images/c7eab98d8d1e9a13348f4df40809cd2a.svg
A20: 19 | B20: bo | C20: bod | D20: bod | E20: =lang_families!A23 -> 22 | F20: =lang_scopes!A2 -> 1 | G20: =lang_scripts!A7 -> 6 | H20: =lang_types!A2 -> 1 | I20: Tibetan | J20: པོད་སྐད་ | K20: https://raw.githubusercontent.com/dyonmulya/resources/refs/heads/main/assets/images/8055e4976b296bcef6591b7aa38873dc.svg
A21: 20 | B21: br | C21: bre | D21: bre | E21: =lang_families!A14 -> 13 | F21: =lang_scopes!A2 -> 1 | G21: =lang_scripts!A2 -> 1 | H21: =lang_types!A2 -> 1 | I21: Breton | J21: brezhoneg | K21: https://raw.githubusercontent.com/dyonmulya/resources/refs/heads/main/assets/images/4c3ace878f8013a7ba6ee677018120fc.svg
A22: 21 | B22: bs | C22: bos | D22: bos | E22: =lang_families!A14 -> 13 | F22: =lang_scopes!A2 -> 1 | G22: =lang_scripts!A2 -> 1 | H22: =lang_types!A2 -> 1 | I22: Bosnian | J22: bosanski | K22: https://raw.githubusercontent.com/dyonmulya/resources/refs/heads/main/assets/images/f91e2d7da6b43be6fe77e8306ea2aab6.svg
A23: 22 | B23: ca | C23: cat | D23: cat | E23: =lang_families!A14 -> 13 | F23: =lang_scopes!A2 -> 1 | G23: =lang_scripts!A2 -> 1 | H23: =lang_types!A2 -> 1 | I23: Catalan | J23: català | K23: https://raw.githubusercontent.com/dyonmulya/resources/refs/heads/main/assets/images/3d3c678e041add04e84d24854734110d.svg
A24: 23 | B24: ce | C24: che | D24: che | E24: =lang_families!A39 -> 38 | F24: =lang_scopes!A2 -> 1 | G24: =lang_scripts!A3 -> 2 | H24: =lang_types!A2 -> 1 | I24: Chechen | J24: нохчийн мотт | K24: https://raw.githubusercontent.com/dyonmulya/resources/refs/heads/main/assets/images/e966a53fa47da0c3c90e245f3c6704ab.svg
A25: 24 | B25: ch | C25: cha | D25: cha | E25: =lang_families!A17 -> 16 | F25: =lang_scopes!A2 -> 1 | G25: =lang_scripts!A2 -> 1 | H25: =lang_types!A2 -> 1 | I25: Chamorro | J25: Chamoru | K25: https://raw.githubusercontent.com/dyonmulya/resources/refs/heads/main/assets/images/1f3b40feeb36bdb0e7abb94e90f5e348.svg
A26: 25 | B26: co | C26: cos | D26: cos | E26: =lang_families!A14 -> 13 | F26: =lang_scopes!A2 -> 1 | G26: =lang_scripts!A2 -> 1 | H26: =lang_types!A2 -> 1 | I26: Corsican | J26: corsu, lingua corsa | K26: https://raw.githubusercontent.com/dyonmulya/resources/refs/heads/main/assets/images/0d1cda06672808f3b06990f9e87f3ed9.svg
A27: 26 | B27: cr | C27: cre | D27: cre | E27: =lang_families!A33 -> 32 | F27: =lang_scopes!A3 -> 2 | G27: =lang_scripts!A8 -> 7 | H27: =lang_types!A2 -> 1 | I27: Cree | J27: ᓀᐦᐃᔭᐍᐏᐣ | K27: https://raw.githubusercontent.com/dyonmulya/resources/refs/heads/main/assets/images/04704a1907094b6e2860b00bcace7b8e.svg
A28: 27 | B28: cs | C28: ces | D28: ces | E28: =lang_families!A14 -> 13 | F28: =lang_scopes!A2 -> 1 | G28: =lang_scripts!A2 -> 1 | H28: =lang_types!A2 -> 1 | I28: Czech | J28: čeština | K28: https://raw.githubusercontent.com/dyonmulya/resources/refs/heads/main/assets/images/a2c21ad6ed68ea984ea8d1589c57f8e9.svg
A29: 28 | B29: cu | C29: chu | D29: chu | E29: =lang_families!A14 -> 13 | F29: =lang_scopes!A2 -> 1 | G29: =lang_scripts!A3 -> 2 | H29: =lang_types!A3 -> 2 | I29: Church Slavic | J29: ѩзыкъ словѣньскъ | K29: https://raw.githubusercontent.com/dyonmulya/resources/refs/heads/main/assets/images/95599abe77ed565866667dcdd78a3bb7.svg
A30: 29 | B30: cv | C30: chv | D30: chv | E30: =lang_families!A78 -> 77 | F30: =lang_scopes!A2 -> 1 | G30: =lang_scripts!A3 -> 2 | H30: =lang_types!A2 -> 1 | I30: Chuvash | J30: чӑваш чӗлхи | K30: https://raw.githubusercontent.com/dyonmulya/resources/refs/heads/main/assets/images/5367fff063561dfa0e454bbedce064b4.svg
A31: 30 | B31: cy | C31: cym | D31: cym | E31: =lang_families!A14 -> 13 | F31: =lang_scopes!A2 -> 1 | G31: =lang_scripts!A2 -> 1 | H31: =lang_types!A2 -> 1 | I31: Welsh | J31: Cymraeg | K31: https://raw.githubusercontent.com/dyonmulya/resources/refs/heads/main/assets/images/22c789d018c6280edd7798f83ec978b1.svg
A32: 31 | B32: da | C32: dan | D32: dan | E32: =lang_families!A14 -> 13 | F32: =lang_scopes!A2 -> 1 | G32: =lang_scripts!A2 -> 1 | H32: =lang_types!A2 -> 1 | I32: Danish | J32: dansk | K32: https://raw.githubusercontent.com/dyonmulya/resources/refs/heads/main/assets/images/de46addfc07857ceb3d2eae6567fadd2.svg
A33: 32 | B33: de | C33: deu | D33: deu | E33: =lang_families!A14 -> 13 | F33: =lang_scopes!A2 -> 1 | G33: =lang_scripts!A2 -> 1 | H33: =lang_types!A2 -> 1 | I33: German | J33: Deutsch | K33: https://raw.githubusercontent.com/dyonmulya/resources/refs/heads/main/assets/images/2663ee4a5910cb5eb2aa0ba8436e5dd6.svg
A34: 33 | B34: dv | C34: div | D34: div | E34: =lang_families!A14 -> 13 | F34: =lang_scopes!A2 -> 1 | G34: =lang_scripts!A9 -> 8 | H34: =lang_types!A2 -> 1 | I34: Divehi | J34: ދިވެހި | K34: https://raw.githubusercontent.com/dyonmulya/resources/refs/heads/main/assets/images/34b6f72882c3c80ced3c9f85289e6f3f.svg
A35: 34 | B35: dz | C35: dzo | D35: dzo | E35: =lang_families!A23 -> 22 | F35: =lang_scopes!A2 -> 1 | G35: =lang_scripts!A7 -> 6 | H35: =lang_types!A2 -> 1 | I35: Dzongkha | J35: རྫོང་ཁ | K35: https://raw.githubusercontent.com/dyonmulya/resources/refs/heads/main/assets/images/19b9f8fc0362e684410723c0439bb602.svg
A36: 35 | B36: ee | C36: ewe | D36: ewe | E36: =lang_families!A19 -> 18 | F36: =lang_scopes!A2 -> 1 | G36: =lang_scripts!A2 -> 1 | H36: =lang_types!A2 -> 1 | I36: Ewe | J36: Eʋegbe | K36: https://raw.githubusercontent.com/dyonmulya/resources/refs/heads/main/assets/images/3f820167903e3e00613a705d9a537932.svg
A37: 36 | B37: el | C37: ell | D37: ell | E37: =lang_families!A14 -> 13 | F37: =lang_scopes!A2 -> 1 | G37: =lang_scripts!A10 -> 9 | H37: =lang_types!A2 -> 1 | I37: Greek | J37: ελληνικά | K37: https://raw.githubusercontent.com/dyonmulya/resources/refs/heads/main/assets/images/449eaa2e6dd8539163ddb8ffcb7ca412.svg
A38: 37 | B38: en | C38: eng | D38: eng | E38: =lang_families!A14 -> 13 | F38: =lang_scopes!A2 -> 1 | G38: =lang_scripts!A2 -> 1 | H38: =lang_types!A2 -> 1 | I38: English | J38: English | K38: https://raw.githubusercontent.com/dyonmulya/resources/refs/heads/main/assets/images/df68b23c307f6e95b7fadbd309def5bd.svg
A39: 38 | B39: eo | C39: epo | D39: epo | E39: =lang_families!A29 -> 28 | F39: =lang_scopes!A2 -> 1 | G39: =lang_scripts!A2 -> 1 | H39: =lang_types!A4 -> 3 | I39: Esperanto | J39: Esperanto | K39: https://raw.githubusercontent.com/dyonmulya/resources/refs/heads/main/assets/images/729b0dd25bdbf98358a63a3a3a7dd7cd.svg
A40: 39 | B40: es | C40: spa | D40: spa | E40: =lang_families!A14 -> 13 | F40: =lang_scopes!A2 -> 1 | G40: =lang_scripts!A2 -> 1 | H40: =lang_types!A2 -> 1 | I40: Spanish | J40: español | K40: https://raw.githubusercontent.com/dyonmulya/resources/refs/heads/main/assets/images/1ce6fa7fde115d5a77b5d0313e5a3fd8.svg
A41: 40 | B41: et | C41: est | D41: est | E41: =lang_families!A27 -> 26 | F41: =lang_scopes!A3 -> 2 | G41: =lang_scripts!A2 -> 1 | H41: =lang_types!A2 -> 1 | I41: Estonian | J41: eesti | K41: https://raw.githubusercontent.com/dyonmulya/resources/refs/heads/main/assets/images/4443d9ec51b1e865285eebcf472c9819.svg
A42: 41 | B42: eu | C42: eus | D42: eus | E42: =lang_families!A12 -> 11 | F42: =lang_scopes!A2 -> 1 | G42: =lang_scripts!A2 -> 1 | H42: =lang_types!A2 -> 1 | I42: Basque | J42: Euskara | K42: https://raw.githubusercontent.com/dyonmulya/resources/refs/heads/main/assets/images/bd501c88a39e65dfa1ff1916ac95094e.svg
A43: 42 | B43: fa | C43: fas | D43: fas | E43: =lang_families!A14 -> 13 | F43: =lang_scopes!A3 -> 2 | G43: =lang_scripts!A5 -> 4 | H43: =lang_types!A2 -> 1 | I43: Persian | J43: فارسی | K43: https://raw.githubusercontent.com/dyonmulya/resources/refs/heads/main/assets/images/76caafa763393f6fbb377a6ad4b5b518.svg
A44: 43 | B44: ff | C44: ful | D44: ful | E44: =lang_families!A19 -> 18 | F44: =lang_scopes!A3 -> 2 | G44: =lang_scripts!A2 -> 1 | H44: =lang_types!A2 -> 1 | I44: Fula | J44: Pulaar | K44: https://raw.githubusercontent.com/dyonmulya/resources/refs/heads/main/assets/images/90c987c9702b891ec2a9fdff612224a7.svg
A45: 44 | B45: fi | C45: fin | D45: fin | E45: =lang_families!A27 -> 26 | F45: =lang_scopes!A2 -> 1 | G45: =lang_scripts!A2 -> 1 | H45: =lang_types!A2 -> 1 | I45: Finnish | J45: suomi | K45: https://raw.githubusercontent.com/dyonmulya/resources/refs/heads/main/assets/images/901e8502326c1fe9b64ad9637856bc02.svg
A46: 45 | B46: fj | C46: fij | D46: fij | E46: =lang_families!A17 -> 16 | F46: =lang_scopes!A2 -> 1 | G46: =lang_scripts!A2 -> 1 | H46: =lang_types!A2 -> 1 | I46: Fijian | J46: vosa Vakaviti | K46: https://raw.githubusercontent.com/dyonmulya/resources/refs/heads/main/assets/images/69bd841f0b39e140ef3cc8e0c023225d.svg
A47: 46 | B47: fo | C47: fao | D47: fao | E47: =lang_families!A14 -> 13 | F47: =lang_scopes!A2 -> 1 | G47: =lang_scripts!A2 -> 1 | H47: =lang_types!A2 -> 1 | I47: Faroese | J47: føroyskt | K47: https://raw.githubusercontent.com/dyonmulya/resources/refs/heads/main/assets/images/a43b67f0826bc3cadfe12810e88c2de1.svg
A48: 47 | B48: fr | C48: fra | D48: fra | E48: =lang_families!A14 -> 13 | F48: =lang_scopes!A2 -> 1 | G48: =lang_scripts!A2 -> 1 | H48: =lang_types!A2 -> 1 | I48: French | J48: Français | K48: https://raw.githubusercontent.com/dyonmulya/resources/refs/heads/main/assets/images/b5d3151b6a19a6909fceedc073d7bab1.svg
A49: 48 | B49: fy | C49: fry | D49: fry | E49: =lang_families!A14 -> 13 | F49: =lang_scopes!A2 -> 1 | G49: =lang_scripts!A2 -> 1 | H49: =lang_types!A2 -> 1 | I49: Western Frisian | J49: Frysk | K49: https://raw.githubusercontent.com/dyonmulya/resources/refs/heads/main/assets/images/5a96e3321fdbb839cd68668d65e7adb9.svg
A50: 49 | B50: ga | C50: gle | D50: gle | E50: =lang_families!A14 -> 13 | F50: =lang_scopes!A2 -> 1 | G50: =lang_scripts!A2 -> 1 | H50: =lang_types!A2 -> 1 | I50: Irish | J50: Gaeilge | K50: https://raw.githubusercontent.com/dyonmulya/resources/refs/heads/main/assets/images/09bad5a4ae1b077a680f4857e03a1dbc.svg
A51: 50 | B51: gd | C51: gla | D51: gla | E51: =lang_families!A14 -> 13 | F51: =lang_scopes!A2 -> 1 | G51: =lang_scripts!A2 -> 1 | H51: =lang_types!A2 -> 1 | I51: Scottish Gaelic | J51: Gàidhlig | K51: https://raw.githubusercontent.com/dyonmulya/resources/refs/heads/main/assets/images/872b7b96bad1893e06fb90898f73d100.svg
A52: 51 | B52: gl | C52: glg | D52: glg | E52: =lang_families!A14 -> 13 | F52: =lang_scopes!A2 -> 1 | G52: =lang_scripts!A2 -> 1 | H52: =lang_types!A2 -> 1 | I52: Galician | J52: galego | K52: https://raw.githubusercontent.com/dyonmulya/resources/refs/heads/main/assets/images/9b610e1cd4c0bf240da8ecdb34fc67a8.svg
A53: 52 | B53: gn | C53: grn | D53: grn | E53: =lang_families!A79 -> 78 | F53: =lang_scopes!A3 -> 2 | G53: =lang_scripts!A2 -> 1 | H53: =lang_types!A2 -> 1 | I53: Guarani | J53: Avañe'ẽ | K53: https://raw.githubusercontent.com/dyonmulya/resources/refs/heads/main/assets/images/fdc5fec416d54feda31052754bcc7a0f.svg
A54: 53 | B54: gu | C54: guj | D54: guj | E54: =lang_families!A14 -> 13 | F54: =lang_scopes!A2 -> 1 | G54: =lang_scripts!A11 -> 10 | H54: =lang_types!A2 -> 1 | I54: Gujarati | J54: ગુજરાતી | K54: https://raw.githubusercontent.com/dyonmulya/resources/refs/heads/main/assets/images/d15b26e9c72a1612b71c25e3e1d7757f.svg
A55: 54 | B55: gv | C55: glv | D55: glv | E55: =lang_families!A14 -> 13 | F55: =lang_scopes!A2 -> 1 | G55: =lang_scripts!A2 -> 1 | H55: =lang_types!A2 -> 1 | I55: Manx | J55: Gaelg | K55: https://raw.githubusercontent.com/dyonmulya/resources/refs/heads/main/assets/images/dbf9cf76561a339c8638bb90300392e7.svg
A56: 55 | B56: ha | C56: hau | D56: hau | E56: =lang_families!A3 -> 2 | F56: =lang_scopes!A2 -> 1 | G56: =lang_scripts!A2 -> 1 | H56: =lang_types!A2 -> 1 | I56: Hausa | J56: Hausa | K56: https://raw.githubusercontent.com/dyonmulya/resources/refs/heads/main/assets/images/27bfe2c7a60cdb64e49b6f544adb65db.svg
A57: 56 | B57: he | C57: heb | D57: heb | E57: =lang_families!A3 -> 2 | F57: =lang_scopes!A2 -> 1 | G57: =lang_scripts!A12 -> 11 | H57: =lang_types!A2 -> 1 | I57: Hebrew | J57: עברית | K57: https://raw.githubusercontent.com/dyonmulya/resources/refs/heads/main/assets/images/5807015abe873f5baaae147243d6d006.svg
A58: 57 | B58: hi | C58: hin | D58: hin | E58: =lang_families!A14 -> 13 | F58: =lang_scopes!A2 -> 1 | G58: =lang_scripts!A13 -> 12 | H58: =lang_types!A2 -> 1 | I58: Hindi | J58: हिन्दी | K58: https://raw.githubusercontent.com/dyonmulya/resources/refs/heads/main/assets/images/3c27f812a2516185808f7b00295afe0c.svg
A59: 58 | B59: ho | C59: hmo | D59: hmo | E59: =lang_families!A17 -> 16 | F59: =lang_scopes!A2 -> 1 | G59: =lang_scripts!A2 -> 1 | H59: =lang_types!A2 -> 1 | I59: Hiri Motu | J59: Hiri Motu | K59: https://raw.githubusercontent.com/dyonmulya/resources/refs/heads/main/assets/images/a86103a1e22694ea36c9cd72d65ea5d2.svg
A60: 59 | B60: hr | C60: hrv | D60: hrv | E60: =lang_families!A14 -> 13 | F60: =lang_scopes!A2 -> 1 | G60: =lang_scripts!A2 -> 1 | H60: =lang_types!A2 -> 1 | I60: Croatian | J60: hrvatski | K60: https://raw.githubusercontent.com/dyonmulya/resources/refs/heads/main/assets/images/465b8343ac3b76d249b9b42b75ffdcd2.svg
A61: 60 | B61: ht | C61: hat | D61: hat | E61: =lang_families!A45 -> 44 | F61: =lang_scopes!A2 -> 1 | G61: =lang_scripts!A2 -> 1 | H61: =lang_types!A2 -> 1 | I61: Haitian Creole | J61: Kreyl ayisyen | K61: https://raw.githubusercontent.com/dyonmulya/resources/refs/heads/main/assets/images/cebe86218dd7415c8598cb696fbe5e67.svg
A62: 61 | B62: hu | C62: hun | D62: hun | E62: =lang_families!A27 -> 26 | F62: =lang_scopes!A2 -> 1 | G62: =lang_scripts!A2 -> 1 | H62: =lang_types!A2 -> 1 | I62: Hungarian | J62: magyar | K62: https://raw.githubusercontent.com/dyonmulya/resources/refs/heads/main/assets/images/8f8496fafe4912743278fed39658d8e3.svg
A63: 62 | B63: hy | C63: hye | D63: hye | E63: =lang_families!A14 -> 13 | F63: =lang_scopes!A2 -> 1 | G63: =lang_scripts!A14 -> 13 | H63: =lang_types!A2 -> 1 | I63: Armenian | J63: Հայերէն | K63: https://raw.githubusercontent.com/dyonmulya/resources/refs/heads/main/assets/images/3290f0c7ea192b2a87d39e2c0dcc0e72.svg
A64: 63 | B64: hz | C64: her | D64: her | E64: =lang_families!A19 -> 18 | F64: =lang_scopes!A2 -> 1 | G64: =lang_scripts!A2 -> 1 | H64: =lang_types!A2 -> 1 | I64: Herero | J64: Otjiherero | K64: https://raw.githubusercontent.com/dyonmulya/resources/refs/heads/main/assets/images/380344aabc630e4d8984fb6a06f7492b.svg
A65: 64 | B65: ia | C65: ina | D65: ina | E65: =lang_families!A29 -> 28 | F65: =lang_scopes!A2 -> 1 | G65: =lang_scripts!A2 -> 1 | H65: =lang_types!A4 -> 3 | I65: Interlingua | J65: Interlingua | K65: https://raw.githubusercontent.com/dyonmulya/resources/refs/heads/main/assets/images/7e415e1218aa3c932b048f1df6d1a0cc.svg
A66: 65 | B66: id | C66: ind | D66: ind | E66: =lang_families!A17 -> 16 | F66: =lang_scopes!A2 -> 1 | G66: =lang_scripts!A2 -> 1 | H66: =lang_types!A2 -> 1 | I66: Indonesian | J66: Bahasa Indonesia | K66: https://raw.githubusercontent.com/dyonmulya/resources/refs/heads/main/assets/images/f299b3d7f982cf9cc793f9c2a84d179f.svg
A67: 66 | B67: ie | C67: ile | D67: ile | E67: =lang_families!A29 -> 28 | F67: =lang_scopes!A2 -> 1 | G67: =lang_scripts!A2 -> 1 | H67: =lang_types!A4 -> 3 | I67: Interlingue | J67: Interlingue | K67: https://raw.githubusercontent.com/dyonmulya/resources/refs/heads/main/assets/images/a5157c8cc4b2f059850e11620a3354e5.svg
A68: 67 | B68: ig | C68: ibo | D68: ibo | E68: =lang_families!A19 -> 18 | F68: =lang_scopes!A2 -> 1 | G68: =lang_scripts!A2 -> 1 | H68: =lang_types!A2 -> 1 | I68: Igbo | J68: Igbo | K68: https://raw.githubusercontent.com/dyonmulya/resources/refs/heads/main/assets/images/b5f4762b5c07f443c21f6587d37b9504.svg
A69: 68 | B69: ii | C69: iii | D69: iii | E69: =lang_families!A23 -> 22 | F69: =lang_scopes!A2 -> 1 | G69: =lang_scripts!A15 -> 14 | H69: =lang_types!A2 -> 1 | I69: Sichuan Yi | J69: ꆈꌠꉙ | K69: https://raw.githubusercontent.com/dyonmulya/resources/refs/heads/main/assets/images/7c1d4cb9729518e9827598a29ac37f20.svg
A70: 69 | B70: ik | C70: ipk | D70: ipk | E70: =lang_families!A11 -> 10 | F70: =lang_scopes!A3 -> 2 | G70: =lang_scripts!A2 -> 1 | H70: =lang_types!A2 -> 1 | I70: Inupiaq | J70: Iñupiatun | K70: https://raw.githubusercontent.com/dyonmulya/resources/refs/heads/main/assets/images/4aed146ae59481c3885c55fcee43467b.svg
A71: 70 | B71: io | C71: ido | D71: ido | E71: =lang_families!A29 -> 28 | F71: =lang_scopes!A2 -> 1 | G71: =lang_scripts!A2 -> 1 | H71: =lang_types!A4 -> 3 | I71: Ido | J71: Ido | K71: https://raw.githubusercontent.com/dyonmulya/resources/refs/heads/main/assets/images/71e00fc76c87f207015a5c685b4107dd.svg
A72: 71 | B72: is | C72: isl | D72: isl | E72: =lang_families!A14 -> 13 | F72: =lang_scopes!A2 -> 1 | G72: =lang_scripts!A2 -> 1 | H72: =lang_types!A2 -> 1 | I72: Icelandic | J72: íslenska | K72: https://raw.githubusercontent.com/dyonmulya/resources/refs/heads/main/assets/images/89953e07d01755d3f3c7b93bd90853dc.svg
A73: 72 | B73: it | C73: ita | D73: ita | E73: =lang_families!A14 -> 13 | F73: =lang_scopes!A2 -> 1 | G73: =lang_scripts!A2 -> 1 | H73: =lang_types!A2 -> 1 | I73: Italian | J73: italiano | K73: https://raw.githubusercontent.com/dyonmulya/resources/refs/heads/main/assets/images/23731cd0573ed66ca6d7c9d02eb1240a.svg
A74: 73 | B74: iu | C74: iku | D74: iku | E74: =lang_families!A11 -> 10 | F74: =lang_scopes!A3 -> 2 | G74: =lang_scripts!A8 -> 7 | H74: =lang_types!A2 -> 1 | I74: Inuktitut | J74: ᐃᓄᒃᑎᑐᑦ | K74: https://raw.githubusercontent.com/dyonmulya/resources/refs/heads/main/assets/images/60b5c7889221a11bf3255e2a36a348c1.svg
A75: 74 | B75: ja | C75: jpn | D75: jpn | E75: =lang_families!A15 -> 14 | F75: =lang_scopes!A2 -> 1 | G75: =lang_scripts!A16 -> 15 | H75: =lang_types!A2 -> 1 | I75: Japanese | J75: 日本語 | K75: https://raw.githubusercontent.com/dyonmulya/resources/refs/heads/main/assets/images/48edff865d3c156af42fadfdf22730f7.svg
A76: 75 | B76: jv | C76: jav | D76: jav | E76: =lang_families!A17 -> 16 | F76: =lang_scopes!A2 -> 1 | G76: =lang_scripts!A2 -> 1 | H76: =lang_types!A2 -> 1 | I76: Javanese | J76: basa Jawa | K76: https://raw.githubusercontent.com/dyonmulya/resources/refs/heads/main/assets/images/49db771493d894b7c3b78b60ce800bc8.svg
A77: 76 | B77: ka | C77: kat | D77: kat | E77: =lang_families!A40 -> 39 | F77: =lang_scopes!A2 -> 1 | G77: =lang_scripts!A17 -> 16 | H77: =lang_types!A2 -> 1 | I77: Georgian | J77: ქართული | K77: https://raw.githubusercontent.com/dyonmulya/resources/refs/heads/main/assets/images/e8b6b937353e72254dc49f76693c317f.svg
A78: 77 | B78: kg | C78: kon | D78: kon | E78: =lang_families!A19 -> 18 | F78: =lang_scopes!A3 -> 2 | G78: =lang_scripts!A2 -> 1 | H78: =lang_types!A2 -> 1 | I78: Kongo | J78: Kikongo | K78: https://raw.githubusercontent.com/dyonmulya/resources/refs/heads/main/assets/images/870320b38c5e6cd384ebce41f97cfc32.svg
A79: 78 | B79: ki | C79: kik | D79: kik | E79: =lang_families!A19 -> 18 | F79: =lang_scopes!A2 -> 1 | G79: =lang_scripts!A2 -> 1 | H79: =lang_types!A2 -> 1 | I79: Kikuyu | J79: Gĩkũyũ | K79: https://raw.githubusercontent.com/dyonmulya/resources/refs/heads/main/assets/images/f1e2bce9d2e0ba65b98cdaef6a02df7d.svg
A80: 79 | B80: kj | C80: kua | D80: kua | E80: =lang_families!A19 -> 18 | F80: =lang_scopes!A2 -> 1 | G80: =lang_scripts!A2 -> 1 | H80: =lang_types!A2 -> 1 | I80: Kuanyama | J80: Oshikwanyama | K80: https://raw.githubusercontent.com/dyonmulya/resources/refs/heads/main/assets/images/6a398944eb4041e27b83ab89638a32e8.svg
A81: 80 | B81: kk | C81: kaz | D81: kaz | E81: =lang_families!A78 -> 77 | F81: =lang_scopes!A2 -> 1 | G81: =lang_scripts!A3 -> 2 | H81: =lang_types!A2 -> 1 | I81: Kazakh | J81: қазақ тілі | K81: https://raw.githubusercontent.com/dyonmulya/resources/refs/heads/main/assets/images/08ed7e9d978738d396288c06571ab2bc.svg
A82: 81 | B82: kl | C82: kal | D82: kal | E82: =lang_families!A11 -> 10 | F82: =lang_scopes!A2 -> 1 | G82: =lang_scripts!A2 -> 1 | H82: =lang_types!A2 -> 1 | I82: Kalaallisut | J82: Kalaallisut | K82: https://raw.githubusercontent.com/dyonmulya/resources/refs/heads/main/assets/images/188463fae13800001f61df757443df5d.svg
A83: 82 | B83: km | C83: khm | D83: khm | E83: =lang_families!A2 -> 1 | F83: =lang_scopes!A2 -> 1 | G83: =lang_scripts!A18 -> 17 | H83: =lang_types!A2 -> 1 | I83: Khmer | J83: ភាសាខ្មែរ | K83: https://raw.githubusercontent.com/dyonmulya/resources/refs/heads/main/assets/images/1ab32b2be344cc246f7119427660812b.svg
A84: 83 | B84: kn | C84: kan | D84: kan | E84: =lang_families!A10 -> 9 | F84: =lang_scopes!A2 -> 1 | G84: =lang_scripts!A19 -> 18 | H84: =lang_types!A2 -> 1 | I84: Kannada | J84: ಕನ್ನಡ | K84: https://raw.githubusercontent.com/dyonmulya/resources/refs/heads/main/assets/images/24f501134613d6b2196e725131b161a4.svg
A85: 84 | B85: ko | C85: kor | D85: kor | E85: =lang_families!A30 -> 29 | F85: =lang_scopes!A2 -> 1 | G85: =lang_scripts!A20 -> 19 | H85: =lang_types!A2 -> 1 | I85: Korean | J85: 한국어 | K85: https://raw.githubusercontent.com/dyonmulya/resources/refs/heads/main/assets/images/73fb230c3602c0486bc3366272d532a9.svg
A86: 85 | B86: kr | C86: kau | D86: kau | E86: =lang_families!A24 -> 23 | F86: =lang_scopes!A3 -> 2 | G86: =lang_scripts!A2 -> 1 | H86: =lang_types!A2 -> 1 | I86: Kanuri | J86: Kanuri | K86: https://raw.githubusercontent.com/dyonmulya/resources/refs/heads/main/assets/images/12610f811d9cb0222d57ccdc9a5e6e4c.svg
A87: 86 | B87: ks | C87: kas | D87: kas | E87: =lang_families!A14 -> 13 | F87: =lang_scopes!A2 -> 1 | G87: =lang_scripts!A5 -> 4 | H87: =lang_types!A2 -> 1 | I87: Kashmiri | J87: कश्मीरी | K87: https://raw.githubusercontent.com/dyonmulya/resources/refs/heads/main/assets/images/3f4d01d54a034b3903ed4d09c4b73f8c.svg
A88: 87 | B88: ku | C88: kur | D88: kur | E88: =lang_families!A14 -> 13 | F88: =lang_scopes!A3 -> 2 | G88: =lang_scripts!A5 -> 4 | H88: =lang_types!A2 -> 1 | I88: Kurdish | J88: Kurdî | K88: https://raw.githubusercontent.com/dyonmulya/resources/refs/heads/main/assets/images/be3bbfc2677080ae9597ec72495c44dd.svg
A89: 88 | B89: kv | C89: kom | D89: kom | E89: =lang_families!A27 -> 26 | F89: =lang_scopes!A3 -> 2 | G89: =lang_scripts!A3 -> 2 | H89: =lang_types!A2 -> 1 | I89: Komi | J89: коми кыв | K89: https://raw.githubusercontent.com/dyonmulya/resources/refs/heads/main/assets/images/ae3015ae141f578523e30af685f86276.svg
A90: 89 | B90: kw | C90: cor | D90: cor | E90: =lang_families!A14 -> 13 | F90: =lang_scopes!A2 -> 1 | G90: =lang_scripts!A2 -> 1 | H90: =lang_types!A2 -> 1 | I90: Cornish | J90: Kernewek | K90: https://raw.githubusercontent.com/dyonmulya/resources/refs/heads/main/assets/images/47853645b3ef3af741d55fe22b694542.svg
A91: 90 | B91: ky | C91: kir | D91: kir | E91: =lang_families!A78 -> 77 | F91: =lang_scopes!A2 -> 1 | G91: =lang_scripts!A3 -> 2 | H91: =lang_types!A2 -> 1 | I91: Kyrgyz | J91: Кыргызча | K91: https://raw.githubusercontent.com/dyonmulya/resources/refs/heads/main/assets/images/3941de021acd895cc4143684d61bdf1c.svg
A92: 91 | B92: la | C92: lat | D92: lat | E92: =lang_families!A14 -> 13 | F92: =lang_scopes!A2 -> 1 | G92: =lang_scripts!A2 -> 1 | H92: =lang_types!A3 -> 2 | I92: Latin | J92: Latīna | K92: https://raw.githubusercontent.com/dyonmulya/resources/refs/heads/main/assets/images/3e958e60402d914532a1398f5d45823f.svg
A93: 92 | B93: lb | C93: ltz | D93: ltz | E93: =lang_families!A14 -> 13 | F93: =lang_scopes!A2 -> 1 | G93: =lang_scripts!A2 -> 1 | H93: =lang_types!A2 -> 1 | I93: Luxembourgish | J93: Lëtzebuergesch | K93: https://raw.githubusercontent.com/dyonmulya/resources/refs/heads/main/assets/images/21e8dfad4adc2e1350d928dc37a3463a.svg
A94: 93 | B94: lg | C94: lug | D94: lug | E94: =lang_families!A19 -> 18 | F94: =lang_scopes!A2 -> 1 | G94: =lang_scripts!A2 -> 1 | H94: =lang_types!A2 -> 1 | I94: Ganda | J94: Luganda | K94: https://raw.githubusercontent.com/dyonmulya/resources/refs/heads/main/assets/images/8a3e05dd5a284a7fefd54439b2fca365.svg
A95: 94 | B95: li | C95: lim | D95: lim | E95: =lang_families!A14 -> 13 | F95: =lang_scopes!A2 -> 1 | G95: =lang_scripts!A2 -> 1 | H95: =lang_types!A2 -> 1 | I95: Limburgish | J95: Lèmbörgs | K95: https://raw.githubusercontent.com/dyonmulya/resources/refs/heads/main/assets/images/4114d14afc1bc42787dcb455c1d3628e.svg
A96: 95 | B96: ln | C96: lin | D96: lin | E96: =lang_families!A19 -> 18 | F96: =lang_scopes!A2 -> 1 | G96: =lang_scripts!A2 -> 1 | H96: =lang_types!A2 -> 1 | I96: Lingala | J96: lingála | K96: https://raw.githubusercontent.com/dyonmulya/resources/refs/heads/main/assets/images/5a8e7f2598bce96b60db34350c8da52e.svg
A97: 96 | B97: lo | C97: lao | D97: lao | E97: =lang_families!A25 -> 24 | F97: =lang_scopes!A2 -> 1 | G97: =lang_scripts!A21 -> 20 | H97: =lang_types!A2 -> 1 | I97: Lao | J97: ພາສາລາວ | K97: https://raw.githubusercontent.com/dyonmulya/resources/refs/heads/main/assets/images/d558064c1c3dc8812f18d5904ab27e8a.svg
A98: 97 | B98: lt | C98: lit | D98: lit | E98: =lang_families!A14 -> 13 | F98: =lang_scopes!A2 -> 1 | G98: =lang_scripts!A2 -> 1 | H98: =lang_types!A2 -> 1 | I98: Lithuanian | J98: lietuvių | K98: https://raw.githubusercontent.com/dyonmulya/resources/refs/heads/main/assets/images/eb98618f59918bf714ea5b70692c515d.svg
A99: 98 | B99: lu | C99: lub | D99: lub | E99: =lang_families!A19 -> 18 | F99: =lang_scopes!A2 -> 1 | G99: =lang_scripts!A2 -> 1 | H99: =lang_types!A2 -> 1 | I99: Luba-Katanga | J99: Tshiluba | K99: https://raw.githubusercontent.com/dyonmulya/resources/refs/heads/main/assets/images/ff3685c67c8d6573d4e9927d6ec9c185.svg
A100: 99 | B100: lv | C100: lav | D100: lav | E100: =lang_families!A14 -> 13 | F100: =lang_scopes!A3 -> 2 | G100: =lang_scripts!A2 -> 1 | H100: =lang_types!A2 -> 1 | I100: Latvian | J100: latviešu | K100: https://raw.githubusercontent.com/dyonmulya/resources/refs/heads/main/assets/images/077e7bb20f8d004cf21c5b58008d1753.svg
...

Sheet locales
A1: id | B1: code | C1: aname | D1: uname | E1: language_id | F1: flag
A2: 1 | B2: aa | C2: Afar | D2: Afaraf | E2: =languages!A2 -> 1
A3: 2 | B3: ab | C3: Abkhaz | D3: Аԥсуа бызшәа | E3: =languages!A3 -> 2
A4: 3 | B4: ae | C4: Avestan | D4: avesta | E4: =languages!A4 -> 3
A5: 4 | B5: af | C5: Afrikaans | D5: Afrikaans | E5: =languages!A5 -> 4
A6: 5 | B6: af-NA | C6: Afrikaans (Namibia) | D6: Afrikaans (Namibië) | E6: =languages!A5 -> 4
A7: 6 | B7: af-ZA | C7: Afrikaans (South Africa) | D7: Afrikaans (Suid-Afrika) | E7: =languages!A5 -> 4
A8: 7 | B8: ak | C8: Akan | D8: Akan | E8: =languages!A6 -> 5
A9: 8 | B9: ak-GH | C9: Akan (Ghana) | D9: Akan (Gaana) | E9: =languages!A6 -> 5
A10: 9 | B10: am | C10: Amharic | D10: አማርኛ | E10: =languages!A7 -> 6
A11: 10 | B11: am-ET | C11: Amharic (Ethiopia) | D11: አማርኛ (ኢትዮጵያ) | E11: =languages!A7 -> 6
A12: 11 | B12: an | C12: Aragonese | D12: aragons | E12: =languages!A8 -> 7
A13: 12 | B13: ar | C13: Arabic | D13: العربية | E13: =languages!A9 -> 8
A14: 13 | B14: ar-AE | C14: Arabic (United Arab Emirates) | D14: العربية (الإمارات العربية المتحدة) | E14: =languages!A9 -> 8
A15: 14 | B15: ar-BH | C15: Arabic (Bahrain) | D15: العربية (البحرين) | E15: =languages!A9 -> 8
A16: 15 | B16: ar-DZ | C16: Arabic (Algeria) | D16: العربية (الجزائر) | E16: =languages!A9 -> 8
A17: 16 | B17: ar-EG | C17: Arabic (Egypt) | D17: العربية (مصر) | E17: =languages!A9 -> 8
A18: 17 | B18: ar-IQ | C18: Arabic (Iraq) | D18: العربية (العراق) | E18: =languages!A9 -> 8
A19: 18 | B19: ar-JO | C19: Arabic (Jordan) | D19: العربية (الأردن) | E19: =languages!A9 -> 8
A20: 19 | B20: ar-KW | C20: Arabic (Kuwait) | D20: العربية (الكويت) | E20: =languages!A9 -> 8
A21: 20 | B21: ar-LB | C21: Arabic (Lebanon) | D21: العربية (لبنان) | E21: =languages!A9 -> 8
A22: 21 | B22: ar-LY | C22: Arabic (Libya) | D22: العربية (ليبيا) | E22: =languages!A9 -> 8
A23: 22 | B23: ar-MA | C23: Arabic (Morocco) | D23: العربية (المغرب) | E23: =languages!A9 -> 8
A24: 23 | B24: ar-OM | C24: Arabic (Oman) | D24: العربية (عُمان) | E24: =languages!A9 -> 8
A25: 24 | B25: ar-QA | C25: Arabic (Qatar) | D25: العربية (قطر) | E25: =languages!A9 -> 8
A26: 25 | B26: ar-SA | C26: Arabic (Saudi Arabia) | D26: العربية (المملكة العربية السعودية) | E26: =languages!A9 -> 8
A27: 26 | B27: ar-SD | C27: Arabic (Sudan) | D27: العربية (السودان) | E27: =languages!A9 -> 8
A28: 27 | B28: ar-SY | C28: Arabic (Syria) | D28: العربية (سوريا) | E28: =languages!A9 -> 8
A29: 28 | B29: ar-TN | C29: Arabic (Tunisia) | D29: العربية (تونس) | E29: =languages!A9 -> 8
A30: 29 | B30: ar-YE | C30: Arabic (Yemen) | D30: العربية (اليمن) | E30: =languages!A9 -> 8
A31: 30 | B31: as | C31: Assamese | D31: অসমীয়া | E31: =languages!A10 -> 9
A32: 31 | B32: as-IN | C32: Assamese (India) | D32: অসমীয়া (ভাৰত) | E32: =languages!A10 -> 9
A33: 32 | B33: av | C33: Avaric | D33: авар мацӀ | E33: =languages!A11 -> 10
A34: 33 | B34: ay | C34: Aymara | D34: aymar aru | E34: =languages!A12 -> 11
A35: 34 | B35: az | C35: Azerbaijani | D35: azərbaycanca | E35: =languages!A13 -> 12
A36: 35 | B36: ba | C36: Bashkir | D36: башҡорт теле | E36: =languages!A14 -> 13
A37: 36 | B37: be | C37: Belarusian | D37: беларуская | E37: =languages!A15 -> 14
A38: 37 | B38: be-BY | C38: Belarusian (Belarus) | D38: беларуская (Беларусь) | E38: =languages!A15 -> 14
A39: 38 | B39: bg | C39: Bulgarian | D39: български | E39: =languages!A16 -> 15
A40: 39 | B40: bg-BG | C40: Bulgarian (Bulgaria) | D40: български (България) | E40: =languages!A16 -> 15
A41: 40 | B41: bi | C41: Bislama | D41: Bislama | E41: =languages!A17 -> 16
A42: 41 | B42: bm | C42: Bambara | D42: bamanankan | E42: =languages!A18 -> 17
A43: 42 | B43: bm-ML | C43: Bambara (Mali) | D43: bamanakan (Mali) | E43: =languages!A18 -> 17
A44: 43 | B44: bn | C44: Bengali | D44: বাংলা | E44: =languages!A19 -> 18
A45: 44 | B45: bn-BD | C45: Bengali (Bangladesh) | D45: বাংলা (বাংলাদেশ) | E45: =languages!A19 -> 18
A46: 45 | B46: bn-IN | C46: Bengali (India) | D46: বাংলা (ভারত) | E46: =languages!A19 -> 18
A47: 46 | B47: bo | C47: Tibetan | D47: པོད་སྐད་ | E47: =languages!A20 -> 19
A48: 47 | B48: bo-CN | C48: Tibetan (China) | D48: པོད་སྐད་ (རྒྱ་ནག) | E48: =languages!A20 -> 19
A49: 48 | B49: bo-IN | C49: Tibetan (India) | D49: པོད་སྐད་ (རྒྱ་གར་) | E49: =languages!A20 -> 19
A50: 49 | B50: br | C50: Breton | D50: brezhoneg | E50: =languages!A21 -> 20
A51: 50 | B51: br-FR | C51: Breton (France) | D51: brezhoneg (Frañs) | E51: =languages!A21 -> 20
A52: 51 | B52: bs | C52: Bosnian | D52: bosanski | E52: =languages!A22 -> 21
A53: 52 | B53: bs-BA | C53: Bosnian (Bosnia and Herzegovina) | D53: bosanski (Bosna i Hercegovina) | E53: =languages!A22 -> 21
A54: 53 | B54: ca | C54: Catalan | D54: català | E54: =languages!A23 -> 22
A55: 54 | B55: ca-ES | C55: Catalan (Spain) | D55: català (Espanya) | E55: =languages!A23 -> 22
A56: 55 | B56: ce | C56: Chechen | D56: нохчийн мотт | E56: =languages!A24 -> 23
A57: 56 | B57: ch | C57: Chamorro | D57: Chamoru | E57: =languages!A25 -> 24
A58: 57 | B58: co | C58: Corsican | D58: corsu, lingua corsa | E58: =languages!A26 -> 25
A59: 58 | B59: cr | C59: Cree | D59: ᓀᐦᐃᔭᐍᐏᐣ | E59: =languages!A27 -> 26
A60: 59 | B60: cs | C60: Czech | D60: čeština | E60: =languages!A28 -> 27
A61: 60 | B61: cs-CZ | C61: Czech (Czech Republic) | D61: čeština (Česká republika) | E61: =languages!A28 -> 27
A62: 61 | B62: cu | C62: Church Slavic | D62: ѩзыкъ словѣньскъ | E62: =languages!A29 -> 28
A63: 62 | B63: cv | C63: Chuvash | D63: чӑваш чӗлхи | E63: =languages!A30 -> 29
A64: 63 | B64: cy | C64: Welsh | D64: Cymraeg | E64: =languages!A31 -> 30
A65: 64 | B65: cy-GB | C65: Welsh (United Kingdom) | D65: Cymraeg (Prydain Fawr) | E65: =languages!A31 -> 30
A66: 65 | B66: da | C66: Danish | D66: dansk | E66: =languages!A32 -> 31
A67: 66 | B67: da-DK | C67: Danish (Denmark) | D67: dansk (Danmark) | E67: =languages!A32 -> 31
A68: 67 | B68: de | C68: German | D68: Deutsch | E68: =languages!A33 -> 32
A69: 68 | B69: de-AT | C69: German (Austria) | D69: Deutsch (Österreich) | E69: =languages!A33 -> 32
A70: 69 | B70: de-BE | C70: German (Belgium) | D70: Deutsch (Belgien) | E70: =languages!A33 -> 32
A71: 70 | B71: de-CH | C71: German (Switzerland) | D71: Deutsch (Schweiz) | E71: =languages!A33 -> 32
A72: 71 | B72: de-DE | C72: German (Germany) | D72: Deutsch (Deutschland) | E72: =languages!A33 -> 32
A73: 72 | B73: de-LI | C73: German (Liechtenstein) | D73: Deutsch (Liechtenstein) | E73: =languages!A33 -> 32
A74: 73 | B74: de-LU | C74: German (Luxembourg) | D74: Deutsch (Luxemburg) | E74: =languages!A33 -> 32
A75: 74 | B75: dv | C75: Dhivehi | D75: ދިވެހި | E75: =languages!A34 -> 33
A76: 75 | B76: dz | C76: Dzongkha | D76: རྫོང་ཁ | E76: =languages!A35 -> 34
A77: 76 | B77: ee | C77: Ewe | D77: Eʋegbe | E77: =languages!A36 -> 35
A78: 77 | B78: ee-GH | C78: Ewe (Ghana) | D78: eʋegbe (Ghana nutome) | E78: =languages!A36 -> 35
A79: 78 | B79: ee-TG | C79: Ewe (Togo) | D79: eʋegbe (Togo nutome) | E79: =languages!A36 -> 35
A80: 79 | B80: el | C80: Greek | D80: ελληνικά | E80: =languages!A37 -> 36
A81: 80 | B81: el-CY | C81: Greek (Cyprus) | D81: Ελληνικά (Κύπρος) | E81: =languages!A37 -> 36
A82: 81 | B82: el-GR | C82: Greek (Greece) | D82: Ελληνικά (Ελλάδα) | E82: =languages!A37 -> 36
A83: 82 | B83: en | C83: English | D83: English | E83: =languages!A38 -> 37
A84: 83 | B84: en-AS | C84: English (American Samoa) | D84: English (American Samoa) | E84: =languages!A38 -> 37
A85: 84 | B85: en-AU | C85: English (Australia) | D85: English (Australia) | E85: =languages!A38 -> 37
A86: 85 | B86: en-BB | C86: English (Barbados) | D86: English (Barbados) | E86: =languages!A38 -> 37
A87: 86 | B87: en-BE | C87: English (Belgium) | D87: English (Belgium) | E87: =languages!A38 -> 37
A88: 87 | B88: en-BM | C88: English (Bermuda) | D88: English (Bermuda) | E88: =languages!A38 -> 37
A89: 88 | B89: en-BW | C89: English (Botswana) | D89: English (Botswana) | E89: =languages!A38 -> 37
A90: 89 | B90: en-BZ | C90: English (Belize) | D90: English (Belize) | E90: =languages!A38 -> 37
A91: 90 | B91: en-CA | C91: English (Canada) | D91: English (Canada) | E91: =languages!A38 -> 37
A92: 91 | B92: en-GB | C92: English (United Kingdom) | D92: English (United Kingdom) | E92: =languages!A38 -> 37
A93: 92 | B93: en-GU | C93: English (Guam) | D93: English (Guam) | E93: =languages!A38 -> 37
A94: 93 | B94: en-GY | C94: English (Guyana) | D94: English (Guyana) | E94: =languages!A38 -> 37
A95: 94 | B95: en-HK | C95: English (Hong Kong SAR China) | D95: English (Hong Kong SAR China) | E95: =languages!A38 -> 37
A96: 95 | B96: en-IE | C96: English (Ireland) | D96: English (Ireland) | E96: =languages!A38 -> 37
A97: 96 | B97: en-IN | C97: English (India) | D97: English (India) | E97: =languages!A38 -> 37
A98: 97 | B98: en-JM | C98: English (Jamaica) | D98: English (Jamaica) | E98: =languages!A38 -> 37
A99: 98 | B99: en-MH | C99: English (Marshall Islands) | D99: English (Marshall Islands) | E99: =languages!A38 -> 37
A100: 99 | B100: en-MP | C100: English (Northern Mariana Islands) | D100: English (Northern Mariana Islands) | E100: =languages!A38 -> 37
...
